head,model_name,holdout_accuracy,cv_accuracy_mean,cv_accuracy_std
sensor_only,svm_rbf,0.9950248756218906,0.999,0.0020000000000000018
sensor_only,random_forest,0.9950248756218906,0.9940149253731343,0.0037323912292935827
