head,model_name,holdout_accuracy,cv_accuracy_mean,cv_accuracy_std
image_only,random_forest,0.9710982658959537,0.9965183492404893,0.00464782034877962
image_only,svm_rbf,0.9653179190751445,0.977987632746337,0.01177127922079652
